Afghanistan,652230,251830,652230,251830,0,0,0,0.1%,99%,0.2%,0.4%,0.3%,n/a,32358000,AFG,Islamic State of Afghanistan,South Asia,Low income,Afghan afghani,Republic,Executive,Presidency is independent of legislature,
Albania,28748,11100,27398,10578,1350,520,4.7,35-41%[7][8],38.8% - 70%[9][10][11],n/a,n/a,n/a,"The majority of Albanians today do not practice religion (42-74%)[12], but only 8-9% are atheist.",3194972,ALB,Republic of Albania,Europe & Central Asia,Upper middle income,Albanian lek,Republic,Ceremonial,Ministry is subject to parliamentary confidence,
Algeria,2381741,919595,2381741,919595,0,0,0,,99%,n/a,n/a,1%,n/a,36300000,DZA,People's Democratic Republic of Algeria,Middle East & North Africa,Upper middle income,Algerian dinar,Republic,Executive,Presidency independent of legislature, ministry subject to parliamentary confidence
American Samoa,199,77,199,77,0,0,0,92%,%,%,%,8%,%,55519,ASM,American Samoa,East Asia & Pacific,Upper middle income,U.S. dollar,,,,
Andorra,468,181,468,181,0,0,0,90%,2.8%,0.5%,0.7%,1% (Jews 0.2%),5%,85015,ADO,Principality of Andorra,Europe & Central Asia,High income: nonOECD,Euro,Constitutional monarchy,Ceremonial,Ministry is subject to parliamentary confidence,
Angola,1246700,481400,1246700,481400,0,0,0,95%,0.7%,n/a,n/a,4%,0.3%,19618000,AGO,People's Republic of Angola,Sub-Saharan Africa,Lower middle income,Angolan kwanza,Republic,Executive,Presidency is independent of legislature,
Anguilla,91,35,91,35,0,0,0,90.5%,0.55%,0.25%,0.2%,4.2%,4.3%,,,,,,,,,,
Antarctica,14000000,5400000,14000000,5400000,0,0,0,,,,,,,,,,,,,,,,
Antigua and Barbuda,442.6,170.9,442.6,170.9,0,0,0,74% - 91.4%,0.3%,0.05%,0.25%,1.5% - 2.2%,5.8%,89138,ATG,Antigua and Barbuda,Latin America & Caribbean,Upper middle income,East Caribbean dollar,Constitutional monarchy,Ceremonial,Ministry is subject to parliamentary confidence,
Argentina,2780400,1073500,2736690,1056640,43710,16880,1.57,79% - 94%,1.5%,0.1%,0.01%,"3.2% (Jews 0.8%), (Sikhs 0.09%)",1.19%,40117096,ARG,Argentine Republic,Latin America & Caribbean,Upper middle income,Argentine peso,Republic,Executive,Presidency is independent of legislature,
Armenia,29743,11484,28203,10889,1540,590,5.18,98.7%,,n/a,n/a,1.3%,n/a,3266300,ARM,Republic of Armenia,Europe & Central Asia,Lower middle income,Armenian dram,Republic,Executive,Presidency is independent of legislature,
Aruba,180,69,180,69,0,0,0,90%,,,,10%,,,ABW,Aruba,Latin America & Caribbean,High income: nonOECD,Aruban florin,,,,
Australia,7741220,2988900,7682300,2966200,58920,22750,0.76,64%,1.7%,2.1%,0.7%,0.9% (Jews 0.4%),19%,22546300,AUS,Commonwealth of Australia,East Asia & Pacific,High income: OECD,Australian dollar,Constitutional monarchy,Ceremonial,Ministry is subject to parliamentary confidence,
Austria,83871,32383,82445,31832,1426,551,1.7,81.4%,4.2%,0.13%,0.05%,0.22% (Jews 0.1%),14% - 46.4%,8419776,AUT,Republic of Austria,Europe & Central Asia,High income: OECD,Euro,Republic,Ceremonial,Ministry is subject to parliamentary confidence,
Azerbaijan,86600,33400,82629,31903,3971,1533,4.59,4.8%,93.4%,n/a,,1.8%,,9111100,AZE,Republic of Azerbaijan,Europe & Central Asia,Upper middle income,New Azeri manat,Republic,Executive,Presidency is independent of legislature,
Bahrain,760,290,760,290,0,0,0,9%,81.2%,1%,6.25%,2.55%,n/a,1234571,BHR,Kingdom of Bahrain,Middle East & North Africa,High income: nonOECD,Bahraini dinar,Constitutional monarchy,Executive,Monarch personally exercises power in concert with other institutions,
Bangladesh,143998,55598,130168,50258,13830,5340,9.6,0.3%,88.3%,0.7%,9.2%,0.1%,n/a,142319000,BGD,Peoples Republic of Bangladesh,South Asia,Low income,Bangladeshi taka,Republic,Ceremonial,Ministry is subject to parliamentary confidence,
Barbados,431,166,431,166,0,0,0,67%,1.5%,1%,1%,11.5%,17%,276302,BRB,Barbados,Latin America & Caribbean,High income: nonOECD,Barbados dollar,Constitutional monarchy,Ceremonial,Ministry is subject to parliamentary confidence,
Belarus,207600,80200,202900,78300,4700,1800,2.26,96%,0.1%,%,,3.9%,n/a,9468000,BLR,Republic of Belarus,Europe & Central Asia,Upper middle income,Belarusian rubel,Republic,Executive,Presidency is independent of legislature,
Belgium,30528,11787,30278,11690,250,97,0.82,40% - 60%,4%,0.3%,0.07%,0.83%,42-43%,10839905,BEL,Kingdom of Belgium,Europe & Central Asia,High income: OECD,Euro,Constitutional monarchy,Ceremonial,Ministry is subject to parliamentary confidence,
Belize,22966,8867,22806,8805,160,62,0.7,79%,0.58%,0.35%,2.3%,7.77%,10%,312698,BLZ,Belize,Latin America & Caribbean,Lower middle income,Belize dollar,Constitutional monarchy,Ceremonial,Ministry is subject to parliamentary confidence,
Benin,112622,43484,110622,42711,2000,770,1.78,42.8%,24.4%,n/a,n/a,26.3%,6.5%,9100000,BEN,Republic of Benin,Sub-Saharan Africa,Low income,CFA franc,Republic,Executive,Presidency is independent of legislature,
Bermuda,54,21,54,21,0,0,0,67%,0%,0.1%,0%,11.9%,21%,,BMU,The Bermudas,North America,High income: nonOECD,Bermuda dollar,,,,
Bhutan,38394,14824,38394,14824,0,0,0,%,%,75%,24%,1%,%,708265,BTN,Kingdom of Bhutan,South Asia,Lower middle income,Bhutanese ngultrum,Constitutional monarchy,Executive,Monarch personally exercises power in concert with other institutions,
Bolivia,1098581,424164,1083301,418265,15280,5900,1.39,97%,0.01%,0.26%,n/a,0.73%,2%,10426154,BOL,Plurinational State of Bolivia,Latin America & Caribbean,Lower middle income,Bolivian Boliviano,Republic,Executive,Presidency is independent of legislature,
Bosnia and Herzegovina,51197,19767,51187,19763,10,3.9,0.02,50%,40%,,,0.1%,9.9%,3843126,BIH,Bosnia and Herzegovina,Europe & Central Asia,Upper middle income,Bosnia and Herzegovina convertible mark,Republic,Ceremonial,Ministry is subject to parliamentary confidence,
Botswana,581730,224610,566730,218820,15000,5800,2.58,85%,0.3%,n/a,0.2%,7.9%,1%[80][81],2031000,BWA,Republic of Botswana,Sub-Saharan Africa,Upper middle income,Botswana pula,Republic,Executive,Presidency and ministry are subject to parliamentary confidence,
Bouvet Island,49,19,49,19,0,0,0,,,,,,,,,,,,,,,,
Brazil,8514877,3287612,8459417,3266199,55460,21410,0.65,91.9%[84],0.016%,0.13%,0.0016%,3.25%,7.6%,190755799,BRA,Federative Republic of Brazil,Latin America & Caribbean,Upper middle income,Brazilian real,Republic,Executive,Presidency is independent of legislature,
British Indian Ocean Territory,54400,21000,60,23,54340,20980,99.89,,,,,,,,,,,,,,,,
British Virgin Islands,151,58,151,58,0,0,0,96%,0.4%,0.3%,0.3%,1%,2%,,,,,,,,,,
Brunei,5765,2226,5265,2033,500,190,8.67,10%,64%,14%,1%,9%,2%,422700,,,,,,Absolute monarchy,Executive,All authority vested in absolute monarch,
Bulgaria,110879,42811,108489,41888,2390,920,2.16,83.8%,12.2%,,,4%,n/a,7364570,BGR,Republic of Bulgaria,Europe & Central Asia,Upper middle income,Bulgarian lev,Republic,Ceremonial,Ministry is subject to parliamentary confidence,
Burkina Faso,274200,105900,273800,105700,400,150,0.15,10% - 20%,50% - 60%,n/a,n/a,20% - 40%,n/a,15730977,BFA,Burkina Faso,Sub-Saharan Africa,Low income,CFA franc,Republic,Executive,Presidency independent of legislature, ministry subject to parliamentary confidence
Burma,676578,261228,653508,252321,23070,8910,3.41,,,,,,,,,,,,,,,,
Burundi,27830,10750,25680,9920,2150,830,7.73,67%,10%,n/a,n/a,23%,n/a,8575000,BDI,Republic of Burundi,Sub-Saharan Africa,Low income,Burundi franc,Republic,Executive,Presidency is independent of legislature,
Cambodia,181035,69898,176515,68153,4520,1750,2.5,0.5%,3.5%,95%,0.3%,0.5%,0.4%,13395682,KHM,Kingdom of Cambodia,East Asia & Pacific,Low income,Cambodian riel,Constitutional monarchy,Ceremonial,Ministry is subject to parliamentary confidence,
Cameroon,475440,183570,472710,182510,2730,1050,0.57,40% - 53%,20% - 22%,n/a,n/a,25% - 40%,n/a,19406100,CMR,Republic of Cameroon,Sub-Saharan Africa,Lower middle income,CFA franc,Republic,Executive,Presidency is independent of legislature,
Canada,9984670,3855100,9093507,3511023,891163,344080,8.93,70.3% - 77.1%,2%,1.1% - 3.6%,1%,3.7% - 9.5%,19% - 30%,34482779,CAN,Canada,North America,High income: OECD,Canadian dollar,Constitutional monarchy,Ceremonial,Ministry is subject to parliamentary confidence,
Cape Verde,4033,1557,4033,1557,0,0,0,95%,3%,n/a,n/a,1%,1%,491575,CPV,Republic of Cape Verde,Sub-Saharan Africa,Lower middle income,Cape Verde escudo,Republic,Ceremonial,Ministry is subject to parliamentary confidence,
Cayman Islands,264,102,264,102,0,0,0,77.95%,0.19%,0.31%,0.26%,16.59%,4.7%,,CYM,Cayman Islands,Latin America & Caribbean,High income: nonOECD,Cayman Islands dollar,,,,
Central African Republic,622984,240535,622984,240535,0,0,0,50% - 80%,10% - 15%,n/a,n/a,10% - 35%,n/a,4487000,CAF,Central African Republic,Sub-Saharan Africa,Low income,CFA franc,Republic,Executive,Presidency is independent of legislature,
Chad,1284000,496000,1259200,486200,24800,9600,1.93,34.3%,53.1%,n/a,n/a,7.8%,4.8% (atheist 3.1%),11274106,TCD,Republic of Chad,Sub-Saharan Africa,Low income,CFA franc,Republic,Executive,Presidency is independent of legislature,
Chile,756102,291933,743812,287187,12290,4750,1.63,87.2%,0.02%,0.04%,0.01%,4.4%,8.3%,17248450,CHL,Republic of Chile,Latin America & Caribbean,Upper middle income,Chilean peso,Republic,Executive,Presidency is independent of legislature,
Christmas Island,135,52,135,52,0,0,0,25%,10%,55%,,10%,n/a,,,,,,,,,,
Cocos (Keeling) Islands,14,5.4,14,5.4,0,0,0,15%,80%,,,5%,n/a,,,,,,,,,,
Colombia,1138910,439740,1038700,401000,100210,38690,8.8,93.5%,0.025%,0.015%,0.02%,4.44%,2%,46249000,COL,Republic of Colombia,Latin America & Caribbean,Upper middle income,Colombian peso,Republic,Executive,Presidency is independent of legislature,
Comoros,1862,719,1862,719,0,0,0,1% - 2%,98% - 99%,n/a,0.1%,n/a,n/a,754000,COM,Union of the Comoros,Sub-Saharan Africa,Low income,Comorian franc,Republic,Executive,Presidency is independent of legislature,
Cook Islands,236,91,236,91,0,0,0,90.2%,n/a,1%,1%,2.2% (mostly Baha'is),5.6%,,,,,,,,,,
Coral Sea Islands,<3,<2,<3,<2,0,0,0,,,,,,,,,,,,,,,,
Costa Rica,51100,19700,51060,19710,40,15,0.08,87.3% - 92%,0.1%,2.34%,0.06%,0.8% - 2.3%,3.2% - 9.2%,4563539,CRI,Republic of Costa Rica,Latin America & Caribbean,Upper middle income,Costa Rican colon,Republic,Executive,Presidency is independent of legislature,
Croatia,56594,21851,55974,21612,620,240,1.1,87.8%,1.3%,0.03%,0.01%%,Jews 0.85%,2% - 5.2%,4456096,HRV,Republic of Croatia,Europe & Central Asia,High income: nonOECD,Croatian kuna,Republic,Ceremonial,Ministry is subject to parliamentary confidence,
Cuba,110860,42800,109820,42400,1040,400,0.94,45% - 90%,0.0026%,0.25%,0.21%,0.5%,9%,11241161,CUB,Republic of Cuba,Latin America & Caribbean,Upper middle income,Cuban peso,Republic,Executive,Power constitutionally linked to a single political movement,
Cyprus,9251,3572,9241,3568,10,3.9,0.11,79.3%,18%,1%,0.1%,0.3% (mostly Jews),1.3%,803200,CYP,Republic of Cyprus,Europe & Central Asia,High income: nonOECD,Euro,Republic,Executive,Presidency is independent of legislature,
Czech Republic,78867,30451,77247,29825,1620,630,2.05,14% - 28.9%,0.1%,0.5%,0.003%,"2.6% (including Jews, Scientologists)",67.8%,10542080,CZE,Czech Republic,Europe & Central Asia,High income: OECD,Czech koruna,Republic,Ceremonial,Ministry is subject to parliamentary confidence,
Cote d'Ivoire,322463,124504,318003,122782,4460,1720,1.38,,,,,,,21395000,CIV,Republic of Cote d'Ivoire,Sub-Saharan Africa,Lower middle income,CFA franc,Republic,Executive,Presidency independent of legislature, ministry subject to parliamentary confidence
Democratic Republic of the Congo,2344858,905355,2267048,875312,77810,30040,3.32,,,,,,,67758000,,,,,,Republic,Executive,Presidency independent of legislature, ministry subject to parliamentary confidence
Denmark,43094,16639,42434,16384,660,250,1.53,31% - 89%,2% - 3.7%,0.1%,0.1%,0.2%,"6.9% (non-religious 5.4%, atheists 1.5%)",5579204,DNK,Kingdom of Denmark,Europe & Central Asia,High income: OECD,Danish krone,Constitutional monarchy,Ceremonial,Ministry is subject to parliamentary confidence,
Djibouti,23200,9000,23180,8950,20,7.7,0.09,0.8% - 5.8%,94% - 99%,n/a,0.02%,0.1%,n/a,818159,DJI,Republic of Djibouti,Middle East & North Africa,Lower middle income,Djibouti franc,Republic,Executive,Presidency independent of legislature, ministry subject to parliamentary confidence
Dominica,751,290,751,290,0,0,0,90.9%,0.2%,0.25%,0.2%,2.35%,6.1%,71685,DMA,Commonwealth of Dominica,Latin America & Caribbean,Upper middle income,East Caribbean dollar,Republic,Ceremonial,Ministry is subject to parliamentary confidence,
Dominican Republic,48670,18790,48320,18660,350,140,0.72,87.1% - 95%,0.05% - 0.1%,0.1%,0.04%,2.26%,2.5% - 10.6%,9378818,DOM,Dominican Republic,Latin America & Caribbean,Upper middle income,Dominican peso,Republic,Executive,Presidency is independent of legislature,
East Timor,14874,5743,14874,5743,0,0,0,98%,0.9%,0.1%,0.3%,0.7%,n/a,,,,,,,Republic,Ceremonial,Ministry is subject to parliamentary confidence,
Ecuador,283561,109484,276841,106889,6720,2590,2.37,85% - 97.5%,0.002%,0.2%,n/a,0.7%,1.5%,14483499,ECU,Republic of Ecuador,Latin America & Caribbean,Upper middle income,U.S. dollar,Republic,Executive,Presidency is independent of legislature,
Egypt,1001450,386660,995450,384350,6000,2300,0.6,10%,90%,n/a,n/a,"Baha'is, Jews",n/a,81101000,,,,,,n/a,n/a,n/a    No constitutionally-defined basis to current regime,
El Salvador,21041,8124,20721,8000,320,120,1.52,96%,0.03%,0.03%,0.03%,1.3%,1%[198][199],6227000,SLV,Republic of El Salvador,Latin America & Caribbean,Lower middle income,U.S. dollar,Republic,Executive,Presidency is independent of legislature,
Equatorial Guinea,28051,10831,28051,10831,0,0,0,93%,1%,n/a,n/a,5%,1%,720000,GNQ,Republic of Equatorial Guinea,Sub-Saharan Africa,High income: nonOECD,CFA franc,Republic,Executive,Presidency is independent of legislature,
Eritrea,117600,45400,101000,39000,16600,6400,14.12,49% - 50%,48% - 50%,0.1%,0.1%,over 2%,0.1%,5415000,ERI,State of Eritrea,Sub-Saharan Africa,Low income,Eritrean nakfa,Republic,Executive,Power constitutionally linked to a single political movement,
Estonia,45228,17463,42388,16366,2840,1100,6.28,10% - 27.8%,0.4%,0.4%,0.01%,0.3% (Jews 0.2%),50-70%,1340194,EST,Republic of Estonia,Europe & Central Asia,High income: OECD,Estonian kroon,Republic,Ceremonial,Ministry is subject to parliamentary confidence,
Ethiopia,1104300,426400,1000000,390000,104300,40300,9.44,60.8%,32.8%,n/a,0.005%,"6.3% (indigenous beliefs), Judaism",n/a,82101998,ETH,Federal Democratic Republic of Ethiopia,Sub-Saharan Africa,Low income,Ethiopian birr,Republic,Ceremonial,Ministry is subject to parliamentary confidence,
Falkland Islands,12173,4700,12173,4700,0,0,0,94.3%,n/a,n/a,n/a,3.7%,2%,,,,,,,,,,
Faroe Islands,1393,538,1393,538,0,0,0,93.96%,0%,0%,0%,Baha'is 0.2%,5.84%,,,,,,,,,,
Federated States of Micronesia,702,271,702,271,0,0,0,95.4% - 97%,n/a,1%,n/a,1.6%,0.4% - 2%,102624,,,,,,,,,
Fiji,18274,7056,18274,7056,0,0,0,52% - 54%,7%,1%,33% - 34%,0.9%,3% - 5% (Atheist 0.3%),868000,FJI,Republic of Fiji,East Asia & Pacific,Lower middle income,Fijian dollar,n/a,n/a,n/a    No constitutionally-defined basis to current regime,
Finland,338145,130559,303815,117304,34330,13250,10.15,40% - 80%,0.2%,0.1%,0.01%,0.19%,16%,5394389,FIN,Republic of Finland,Europe & Central Asia,High income: OECD,Euro,Republic,Ceremonial,Ministry is subject to parliamentary confidence,
France,643801,248573,640427,247270,3374,1303,0.52,,,,,,,,FRA,French Republic,Europe & Central Asia,High income: OECD,Euro,Republic,Executive,Presidency independent of legislature, ministry subject to parliamentary confidence
French Polynesia,4167,1609,3827,1478,340,130,8.16,84%,n/a,7.5%,0.5%,2% (mostly Baha'is),6%,274000,PYF,French Polynesia,East Asia & Pacific,High income: nonOECD,CFP franc,,,,
French Southern and Antarctic Lands,7747.4,2991.3,7667.6,2960.5,79.8,30.8,1.03,,,,,,,,,,,,,,,,
Gabon,267667,103347,257667,99486,10000,3900,3.74,55 - 73%,1% - 12%,n/a,n/a,10%,5%,1534000,GAB,Gabonese Republic,Sub-Saharan Africa,Upper middle income,CFA franc,Republic,Executive,Presidency is independent of legislature,
Gaza Strip,360,140,360,140,0,0,0,,,,,,,,,,,,,,,,
Georgia,69700,26900,69700,26900,0,0,0,88.6%,9.9%,0.1%,0.01%,0.69%,0.7%,4469200,GEO,Georgia,Europe & Central Asia,Lower middle income,Georgian lari,Republic,Executive,Presidency independent of legislature, ministry subject to parliamentary confidence
Germany,357022,137847,348672,134623,8350,3220,2.34,67%,3.9%,0.3% - 1%[242],0.12%,"1.4% (Jews 0.25%), (Sikhs 0.03%)",25%[243]-55%[244],81729000,DEU,Federal Republic of Germany,Europe & Central Asia,High income: OECD,Euro,Republic,Ceremonial,Ministry is subject to parliamentary confidence,
Ghana,238533,92098,227533,87851,11000,4200,4.61,68.8%,15.9%,0.05%,0.05%,9.1%,6.1%,24233431,GHA,Republic of Ghana,Sub-Saharan Africa,Lower middle income,New Ghanaian cedi,Republic,Executive,Presidency is independent of legislature,
Gibraltar,6.5,2.5,6.5,2.5,0,0,0,88.3%,4%,0.1%,1.8%,2.2%,3.6%,,GIB,Gibraltar,Europe & Central Asia,High income: nonOECD,Gibraltar pound,,,,
Greece,131957,50949,130647,50443,1310,510,0.99,98%,1.3%,0.1%,unknown,0.6%,n/a,10787690,GRC,Hellenic Republic,Europe & Central Asia,High income: OECD,Euro,Republic,Ceremonial,Ministry is subject to parliamentary confidence,
Greenland,2166086,836330,2166086,836330,0,0,81.05,96.56%,n/a,n/a,n/a,1.24%,2.2%,,GRL,Greenland,Europe & Central Asia,High income: nonOECD,Danish krone,,,,
Grenada,344,133,344,133,0,0,0,93%,0.3%,0.5%,0.7%,1.5%,4%,110821,GRD,Grenada,Latin America & Caribbean,Upper middle income,East Caribbean dollar,Constitutional monarchy,Ceremonial,Ministry is subject to parliamentary confidence,
Guam,544,210,544,210,0,0,0,89.6%,%,%,%,10.4%,unknown,,GUM,Guam,East Asia & Pacific,High income: nonOECD,U.S. dollar,,,,
Guatemala,108889,42042,107159,41374,1730,670,1.59,95%,0.01%,0.1%,n/a,4.9%,1.9%,14713763,GTM,Republic of Guatemala,Latin America & Caribbean,Lower middle income,Guatemalan quetzal,Republic,Executive,Presidency is independent of legislature,
Guernsey,78,30,78,30,0,0,0,100%,0%,0%,0%,n/a,n/a,,,,,,,,,,
Guinea,245857,94926,245717,94872,140,54,0.06,7% - 10%,85%,0.1%,,5% - 8%,n/a,10217591,GIN,Republic of Guinea,Sub-Saharan Africa,Low income,Guinean franc,Republic,Executive,Presidency is independent of legislature,
Guinea-Bissau,36125,13948,28120,10860,8005,3091,22.16,5% - 13%,38% - 45%,n/a,n/a,40% - 50%,n/a,1520830,GNB,Republic of Guinea-Bissau,Sub-Saharan Africa,Low income,CFA franc,Republic,Executive,Presidency independent of legislature, ministry subject to parliamentary confidence
Guyana,214969,83000,196849,76004,18120,7000,8.43,50% - 57.4%,7.2% - 10%,0.7%,28.3% - 35%,2.4%,4%,784894,GUY,Co-operative Republic of Guyana,Latin America & Caribbean,Lower middle income,Guyana dollar,Republic,Executive,Presidency independent of legislature, ministry subject to parliamentary confidence
Haiti,27750,10710,27560,10640,190,73,0.68,83.7%,0.02%,n/a,n/a,2.18%,1%[269][270],10085214,HTI,Republic of Haiti,Latin America & Caribbean,Low income,Haitian gourde,Republic,Executive,Presidency independent of legislature, ministry subject to parliamentary confidence
Heard Island and McDonald Islands,412,159,412,159,0,0,0,,,,,,,,,,,,,,,,
Honduras,112090,43280,111890,43200,200,77,0.18,86%,0.1%,0.1%,n/a,12.7%,1.1%,8215313,HND,Republic of Honduras,Latin America & Caribbean,Lower middle income,Honduran lempira,Republic,Executive,Presidency is independent of legislature,
Hong Kong,1104,426,1054,407,50,19,4.53,8.1%,1.3%,90%,,,,,,,,,,,,,
Hungary,93028,35918,89608,34598,3420,1320,3.68,74.4%,0.03%,0.05%,0.02%,0.8%,24.7%,9985722,HUN,Republic of Hungary,Europe & Central Asia,High income: OECD,Hungarian forint,Republic,Ceremonial,Ministry is subject to parliamentary confidence,
Iceland,103000,40000,100250,38710,2750,1060,2.67,88.97%,0.13%,0.26%,n/a,0.60%,10.04%,318452,ISL,Republic of Iceland,Europe & Central Asia,High income: OECD,Iceland krona,Republic,Ceremonial,Ministry is subject to parliamentary confidence,
India,3287263,1269219,2973193,1147956,314070,121260,9.55,2.3%,13.4%,0.8%,80.5%,"2.9% (Sikh 1.9%, Jains 0.4%, Baha'is 0.2%, Tribal animists 0.3%, Zoroastrians, Jews)",0.1%,1210193422,IND,Republic of India,South Asia,Lower middle income,Indian rupee,Republic,Ceremonial,Ministry is subject to parliamentary confidence,
Indonesia,1904569,735358,1811569,699451,93000,36000,4.88,9.5%,87.2%,1%,2.2%,0.1%,n/a,237641326,IDN,Republic of Indonesia,East Asia & Pacific,Lower middle income,Indonesian rupiah,Republic,Executive,Presidency is independent of legislature,
Iran,1648195,636372,1531595,591352,116600,45000,7.07,1.25% - 2.00%,98%,0.01%,0.02%,4.05% - 5%,n/a,75829000,,,,,,Republic,Executive,Presidency is independent of legislature,
Iraq,438317,169235,437367,168868,950,370,0.22,2.3%,97%,0%,0%,0.7%,n/a,32105000,IRQ,Republic of Iraq,Middle East & North Africa,Lower middle income,Iraqi dinar,Republic,Ceremonial,Ministry is subject to parliamentary confidence,
Ireland,70273,27133,68883,26596,1390,540,1.98,91.7%,0.76%,0.19%,0.15%,0.9%,6.3%,4581269,IRL,Ireland,Europe & Central Asia,High income: OECD,Euro,Republic,Ceremonial,Ministry is subject to parliamentary confidence,
Isle of Man,572,221,572,221,0,0,0,63.7%,n/a,n/a,n/a,n/a,36.3%,,IMY,Isle of Man,Europe & Central Asia,High income: nonOECD,Pound sterling,,,,
Israel,20770,8020,20330,7850,440,170,2.12,2.3%,16%,0.1%,0.1%,78.1%,3.4%,7798600,ISR,State of Israel,Middle East & North Africa,High income: OECD,Israeli new shekel,Republic,Ceremonial,Ministry is subject to parliamentary confidence,
Italy,301340,116350,294140,113570,7200,2800,2.39,70% - 90%,1.4%,0.2%,0.1%,"0.1% Jews, 0.1% Sikhs over 0.06%, Baha'is",14-27%[224],60705991,ITA,Italian Republic,Europe & Central Asia,High income: OECD,Euro,Republic,Ceremonial,Ministry is subject to parliamentary confidence,
Jamaica,10991,4244,10831,4182,160,62,1.46,65.1%,0.2%,0.3%,0.1%,1%,3%[300][301],2705800,JAM,Jamaica,Latin America & Caribbean,Upper middle income,Jamaican dollar,Constitutional monarchy,Ceremonial,Ministry is subject to parliamentary confidence,
Jan Mayen,377,146,377,146,0,0,0,,,,,,,,,,,,,,,,
Japan,377915,145914,364485,140728,13430,5190,3.55,0.8%,0.1%,70% (20-45% practicing),0.004%,"3% (Shinto, Tenrikyo)",70-84%,127720000,JPN,Japan,East Asia & Pacific,High income: OECD,Japanese yen,Constitutional monarchy,Ceremonial,Ministry is subject to parliamentary confidence,
Jersey,116,45,116,45,0,0,0,86%,n/a,n/a,n/a,0.6%,13.4%,,,,,,,,,,
Jordan,89342,34495,88802,34287,540,210,0.6,3% - 6%,93% - 95%,0%,0%,1%,n/a,6231700,JOR,Hashemite Kingdom of Jordan,Middle East & North Africa,Upper middle income,Jordanian dinar,Constitutional monarchy,Executive,Monarch personally exercises power in concert with other institutions,
Kazakhstan,2724900,1052100,2699700,1042400,25200,9700,0.92,46%,47%,0.58%,0.02%,1.4%,5%,16615000,KAZ,Republic of Kazakhstan,Europe & Central Asia,Upper middle income,Kazakh tenge,Republic,Executive,Presidency is independent of legislature,
Kenya,580367,224081,569140,219750,11227,4335,1.93,78%,10%,n/a,1%,11%,unknown,38610097,KEN,Republic of Kenya,Sub-Saharan Africa,Low income,Kenyan shilling,Republic,Executive,Presidency independent of legislature, ministry subject to parliamentary confidence
Kiribati,811,313,811,313,0,0,0,97%,0.1%,n/a,n/a,Baha'is 2%,0.9%,101000,KIR,Republic of Kiribati,East Asia & Pacific,Lower middle income,Australian dollar,Republic,Executive,Presidency is independent of legislature,
Kosovo,10887,4203,10887,4203,0,0,0,,,,,,,,KSV,Republic of Kosovo,Europe & Central Asia,Lower middle income,Euro,,,,
Kuwait,17818,6880,17818,6880,0,0,0,16%,67.5%,4%,12%,0.43%,0.07%,2818000,KWT,State of Kuwait,Middle East & North Africa,High income: nonOECD,Kuwaiti dinar,Constitutional monarchy,Executive,Monarch personally exercises power in concert with other institutions,
Kyrgyzstan,199951,77202,191801,74055,8150,3150,4.08,11% - 20%,75% - 80%,0.35%,n/a,4.5% - 8%,n/a,5477600,,,,,,Republic,Executive,Presidency independent of legislature, ministry subject to parliamentary confidence
Laos,236800,91400,230800,89100,6000,2300,2.53,1.5%,?,65% (65% have taken the Refuge) ,?,"31.5% (mostly animists, also Baha'is and Muslims)",0.25%,6348800,,,,,,Republic,Executive,Power constitutionally linked to a single political movement,
Latvia,64589,24938,62249,24034,2340,900,3.62,70%,0.017%,0.004%,0.006%,Jews 0.014%,20-29%[335],2209000,LVA,Republic of Latvia,Europe & Central Asia,Upper middle income,Latvian lats,Republic,Ceremonial,Ministry is subject to parliamentary confidence,
Lebanon,10400,4000,10230,3950,170,66,1.63,39%,59.7%,0.1%,0.1%,1.1%,n/a,4259000,LBN,Lebanese Republic,Middle East & North Africa,Upper middle income,Lebanese pound,Republic,Ceremonial,Ministry is subject to parliamentary confidence,
Lesotho,30355,11720,30355,11720,0,0,0,80% - 90%,1%,0.1%,0.1%,9% - 19%,n/a,2194000,LSO,Kingdom of Lesotho,Sub-Saharan Africa,Lower middle income,Lesotho loti,Constitutional monarchy,Ceremonial,Ministry is subject to parliamentary confidence,
Liberia,111369,43000,96320,37190,15049,5810,13.51,40%,20%,0.1%,0.1%,39.7%,0.1%,3476608,LBR,Republic of Liberia,Sub-Saharan Africa,Low income,Liberian dollar,Republic,Executive,Presidency is independent of legislature,
Libya,1759540,679360,1759540,679360,0,0,0,2.4%,97%,0.3%,0.1%,n/a,0.2%,6423000,LBY,Socialist People's Libyan Arab Jamahiriya,Middle East & North Africa,Upper middle income,Libyan dinar,n/a,n/a,n/a    No constitutionally-defined basis to current regime,
Liechtenstein,160,62,160,62,0,0,0,83.2%,4.8%,0.25%,n/a,1%,10.75%,36157,LIE,Principality of Liechtenstein,Europe & Central Asia,High income: nonOECD,Swiss franc,Constitutional monarchy,Executive,Monarch personally exercises power in concert with other institutions,
Lithuania,65300,25200,62680,24200,2620,1010,4.01,44% - 85%,0.08%,0.01%,0.01%,5.4%,9.5%,3207100,LTU,Republic of Lithuania,Europe & Central Asia,Upper middle income,Lithuanian litas,Republic,Executive,Presidency independent of legislature, ministry subject to parliamentary confidence
Luxembourg,2586,998,2586,998,0,0,0,39% - 92%,2%,0.5%,0.1%,0.4%,22-28%,511840,LUX,Grand Duchy of Luxembourg,Europe & Central Asia,High income: OECD,Euro,Constitutional monarchy,Ceremonial,Ministry is subject to parliamentary confidence,
Macau,28.2,10.9,28.2,10.9,0,0,0,7%,0.1%,80%[354],,,,,,,,,,,,,
Madagascar,587041,226658,581540,224530,5501,2124,0.94,41% - 45%,7%,0.1%,0.1%,47% - 51.4%,0.4%,18866000,MDG,Republic of Madagascar,Sub-Saharan Africa,Low income,Malagasy ariary,Republic,Executive,Presidency independent of legislature, ministry subject to parliamentary confidence
Malawi,118484,45747,94080,36320,24404,9422,20.6,79.9%,12.8%,n/a,0.2%,2.8%,4.3%,13077160,MWI,Republic of Malawi,Sub-Saharan Africa,Low income,Malawi kwacha,Republic,Executive,Presidency is independent of legislature,
Malaysia,330803,127724,329613,127264,1190,460,0.36,9.1%,55% - 60.4%,19.2% - 22%,6.3%,1.3%,0.8%,28334135,MYS,Malaysia,East Asia & Pacific,Upper middle income,Malaysian ringgit,Constitutional monarchy,Ceremonial,Ministry is subject to parliamentary confidence,
Maldives,298,115,298,115,0,0,0,0.1%,99.41% (overall) - 100% (citizen),0.45%,0.01%,0.01%,0.02%,317280,MDV,Republic of Maldives,South Asia,Upper middle income,Maldivian rufiyaa,Republic,Executive,Presidency is independent of legislature,
Mali,1240192,478841,1220190,471120,20002,7723,1.61,1% - 5%,90%,0%,0%,5% - 9%,n/a,14517176,MLI,Republic of Mali,Sub-Saharan Africa,Low income,CFA franc,Republic,Executive,Presidency independent of legislature, ministry subject to parliamentary confidence
Malta,316,122,316,122,0,0,0,55% - 97%,0.8%,0.1%,n/a,0.1%,2%,417617,MLT,Republic of Malta,Middle East & North Africa,High income: nonOECD,Euro,Republic,Ceremonial,Ministry is subject to parliamentary confidence,
Marshall Islands,11854,4577,181,70,11673,4507,98.47,97.5%,0%,,0%,1%,1.5%,54305,MHL,Republic of the Marshall Islands,East Asia & Pacific,Lower middle income,U.S. dollar,Republic,Executive,Presidency and ministry are subject to parliamentary confidence,
Mauritania,1030700,398000,1030700,398000,0,0,0,,99.9%,0%,0%,0.1%,0%,3340627,MRT,Islamic Republic of Mauritania,Sub-Saharan Africa,Lower middle income,Mauritanian ouguiya,Republic,Executive,Presidency independent of legislature, ministry subject to parliamentary confidence
Mauritius,2040,790,2030,780,10,3.9,0.49,32.2%,16.6%,2.5%,50%,n/a,0.7%,1280924,MUS,Republic of Mauritius,Sub-Saharan Africa,Upper middle income,Mauritian rupee,Republic,Ceremonial,Ministry is subject to parliamentary confidence,
Mexico,1964375,758449,1943945,750561,20430,7890,1.04,82.8% - 95.15%,0.26%,0.1%,n/a,0.1%,4.38% - 16.9%,112336538,MEX,United Mexican States,Latin America & Caribbean,Upper middle income,Mexican peso,Republic,Executive,Presidency is independent of legislature,
Moldova,33851,13070,32891,12699,960,370,2.84,98.3%,0.07%,0.02%,0.01%,Jews 1.5%,0.1%,3560400,MDA,Republic of Moldova,Europe & Central Asia,Lower middle income,Moldovan leu,Republic,Ceremonial,Ministry is subject to parliamentary confidence,
Monaco,2,0.77,2,0.77,0,0,0,20.5% - 90%,,,,10%,n/a,35000,MCO,Principality of Monaco,Europe & Central Asia,High income: nonOECD,Euro,Constitutional monarchy,Executive,Monarch personally exercises power in concert with other institutions,
Mongolia,1564116,603909,1553556,599831,10560,4080,0.68,2.1%,3%,53%,,3.3%,38.6%,2736800,MNG,Mongolia,East Asia & Pacific,Lower middle income,Mongolian tugrik,Republic,Executive,Presidency independent of legislature, ministry subject to parliamentary confidence
Montenegro,13812,5333,13452,5194,360,140,2.61,77.5% - 78%,18%,0%,0%,n/a,4% - 4.5%,620029,MNE,Montenegro,Europe & Central Asia,Upper middle income,Euro,Republic,Ceremonial,Ministry is subject to parliamentary confidence,
Montserrat,102,39,102,39,0,0,0,95.5%,0.1%,0.2%,0.2%,Baha'is 2%,2%,,,,,,,,,,
Morocco,446550,172410,446300,172300,250,97,0.06,0.1% - 1.1%,98.7% - 99.6%,0.01% [401],n/a,0.09% - 0.2%,n/a,32376800,MAR,Kingdom of Morocco,Middle East & North Africa,Lower middle income,Moroccan dirham,Constitutional monarchy,Executive,Monarch personally exercises power in concert with other institutions,
Mozambique,799380,308640,786380,303620,13000,5000,1.63,41.3%,17.8% - 20%,0%,0.2%,17.5%,5%[404],23049621,MOZ,Republic of Mozambique,Sub-Saharan Africa,Low income,New Mozambican metical,Republic,Executive,Presidency is independent of legislature,
Namibia,824292,318261,823290,317870,1002,387,0.12,90%,0.9%,0.1%,n/a,4%,unknown,2324000,NAM,Republic of Namibia,Sub-Saharan Africa,Upper middle income,Namibian dollar,Republic,Executive,Presidency is independent of legislature,
Nauru,21,8.1,21,8.1,0,0,0,67%,n/a,3%,n/a,10%,20%,10000,,,,,,Republic,Executive,Presidency and ministry are subject to parliamentary confidence,
Nepal,147181,56827,143351,55348,3830,1480,2.6,0.45%,4% - 4.2%,10.7% - 11%,80.6% - 81%,3.6% - 4%,n/a,26620809,NPL,Nepal,South Asia,Low income,Nepalese rupee,Republic,Ceremonial,Ministry is subject to parliamentary confidence,
Netherlands,41543,16040,33893,13086,7650,2950,18.41,29% - 45%,5.5% - 5.8%,0.1% - 1%,0.6%,0.4% - 0.8%,53% - 65%[416],16715489,NLD,Kingdom of the Netherlands,Europe & Central Asia,High income: OECD,Euro,Constitutional monarchy,Ceremonial,Ministry is subject to parliamentary confidence,
New Caledonia,18575,7172,18275,7056,300,120,1.62,90%,4%,3%,2%,1%,n/a,,NCL,New Caledonia,East Asia & Pacific,High income: nonOECD,CFP franc,,,,
New Zealand,266838,103027,262443,101330,4395,1697,1.65,55.9%,1%,1.4%,1.7%,5.4%,34.6%,4419100,NZL,New Zealand,East Asia & Pacific,High income: OECD,New Zealand dollar,Constitutional monarchy,Ceremonial,Ministry is subject to parliamentary confidence,
Nicaragua,130370,50340,119990,46330,10380,4010,7.96,90%,0.02% - 0.03%,0.1%,n/a,1.6%,2%[424][425],5815524,NIC,Republic of Nicaragua,Latin America & Caribbean,Lower middle income,Nicaraguan gold cordoba,Republic,Executive,Presidency is independent of legislature,
Niger,1267000,489000,1266700,489100,300,120,0.02,5%,95%,0%,0%,Baha'is,n/a,15730754,NER,Republic of Niger,Sub-Saharan Africa,Low income,CFA franc,Republic,Executive,Presidency independent of legislature, ministry subject to parliamentary confidence
Nigeria,923768,356669,910768,351649,13000,5000,1.41,40%,50%,n/a,n/a,African animist 10%,n/a,162471000,NGA,Federal Republic of Nigeria,Sub-Saharan Africa,Lower middle income,Nigerian naira,Republic,Executive,Presidency is independent of legislature,
Niue,260,100,260,100,0,0,0,81%,,,,8.4%,10.6%,,,,,,,,,,
Norfolk Island,36,14,36,14,0,0,0,64%,,,,2.7%,33.3%,,,,,,,,,,
North Korea,120538,46540,120408,46490,130,50,0.11,0.1%,0%,64.5%,,,,24052231,,,,,,Republic,Executive,Power constitutionally linked to a single political movement,
Northern Mariana Islands,464,179,464,179,0,0,0,79.7%,%,%,%,20.3%,%,,MNP,Commonwealth of the Northern Mariana Islands,East Asia & Pacific,High income: nonOECD,U.S. dollar,,,,
Norway,323802,125021,304282,117484,19520,7540,6.03,30% - 89.9%,1.8%,0.5%,0.5%,0.6%,6.7%,4977000,NOR,Kingdom of Norway,Europe & Central Asia,High income: OECD,Norwegian krone,Constitutional monarchy,Ceremonial,Ministry is subject to parliamentary confidence,
Oman,309500,119500,309500,119500,0,0,0,2.54% - 4.9%,87.4% - 92.66%,0.8% - 1.2%,3% - 5.7%,0.3% - 1.1%,0.1% - 0.3%,2773479,OMN,Sultanate of Oman,Middle East & North Africa,High income: nonOECD,Rial Omani,Absolute monarchy,Executive,All authority vested in absolute monarch,
Pakistan,796095,307374,770876,297637,25220,9740,3.17,1.5%,96% - 97%,0.1%,1.2% - 2%,0.1% - 0.3%,0.1% - 0.3%,177816000,PAK,Islamic Republic of Pakistan,South Asia,Lower middle income,Pakistani rupee,Republic,Ceremonial,Ministry is subject to parliamentary confidence,
Palau,459,177,459,177,0,0,0,71.7%,0.1%,3%,n/a,8.8%,16.4%,21000,PLW,Republic of Palau,East Asia & Pacific,Upper middle income,U.S. dollar,Republic,Executive,Presidency is independent of legislature,
Panama,75420,29120,74340,28700,1080,420,1.43,88% - 95%,0.3% - 3.5%,0.4% - 2.1%,0.3%,2% - 4%,2%,3405813,PAN,Republic of Panama,Latin America & Caribbean,Upper middle income,Panamanian balboa,Republic,Executive,Presidency is independent of legislature,
Papua New Guinea,462840,178700,452860,174850,9980,3850,2.16,66% - 96%,0.035%,0.3%,n/a,"Animist 33%, Baha'is 0.3%.",,7014000,PNG,The Independent State of Papua New Guinea,East Asia & Pacific,Lower middle income,Papua New Guinea kina,Constitutional monarchy,Ceremonial,Ministry is subject to parliamentary confidence,
Paracel Islands,ca. 7.75,ca. 2.99,ca. 7.75,ca. 2.99,0,0,0,,,,,,,,,,,,,,,,
Paraguay,406752,157048,397302,153399,9450,3650,2.32,92% - 96.9%,0.008%,0.5%,n/a,1%,1.5% - 5%,6337127,PRY,Republic of Paraguay,Latin America & Caribbean,Lower middle income,Paraguayan guarani,Republic,Executive,Presidency is independent of legislature,
People's Republic of China,9596961,3705407,9569901,3694959,27060,10450,0.28,,,,,,,,,,,,,Republic,Executive,Power constitutionally linked to a single political movement,
Peru,1285216,496225,1279996,494209,5220,2020,0.41,83.1%,0.003%,0.31%,unknown,0.11%,2%[457][458],29797694,PER,Republic of Peru,Latin America & Caribbean,Upper middle income,Peruvian new sol,Republic,Executive,Presidency is independent of legislature,
Philippines,300000,120000,298170,115120,1830,710,0.61,92.5% - 94%,5%,0.1% - 2.5%,0.05%,0.35%,0.1%,94013200,PHL,Republic of the Philippines,East Asia & Pacific,Lower middle income,Philippine peso,Republic,Executive,Presidency is independent of legislature,
Pitcairn Islands,47,18,47,18,0,0,0,100%,0%,0%,0%,0%,0%,,,,,,,,,,
Poland,312685,120728,304255,117474,8430,3250,2.7,75% - 96.7%,0.01% - 0.07%,0.1%,n/a,0.13% (Jews 0.1%),3%,38092000,POL,Republic of Poland,Europe & Central Asia,High income: OECD,Polish zloty,Republic,Ceremonial,Ministry is subject to parliamentary confidence,
Portugal,92090,35560,91470,35320,620,240,0.67,86.7% - 95.5%,0.33%,0.03%,0.07%,0.02%,3.9% - 12.85%,10555853,PRT,Portuguese Republic,Europe & Central Asia,High income: OECD,Euro,Republic,Executive,Presidency independent of legislature, ministry subject to parliamentary confidence
Puerto Rico,13790,5320,8870,3420,4921,1900,35.69,97%,0.13%,0.03%,0.09%,0.77%,1.98%,3725789,PRI,Puerto Rico,Latin America & Caribbean,High income: nonOECD,U.S. dollar,,,,
Qatar,11586,4473,11586,4473,0,0,0,8.5% - 10.3%,71% - 77.5%,5%,7.2% - 12.7%,Baha'is 0.2%,0.8%,1699435,QAT,State of Qatar,Middle East & North Africa,High income: nonOECD,Qatari riyal,Absolute monarchy,Executive,All authority vested in absolute monarch,
Republic of China (Taiwan),35980,13890,32260,12460,3720,1440,10.34,,,,,,,,,,,,,Republic,Executive,Presidency independent of legislature, ministry subject to parliamentary confidence
Republic of Macedonia,25713,9928,25433,9820,280,110,1.09,65.1% - 69%,29% - 33.3%,n/a,n/a,1% - 1.5%,n/a,,,,,,,,,,
Republic of the Congo,342000,132000,341500,131900,500,190,0.15,,,,,,,4140000,,,,,,Republic,Executive,Presidency is independent of legislature,
Romania,238391,92043,229891,88761,8500,3300,3.57,99%,0.2%,0.01%,0.01%,0.1%,0.1%,21436000,ROM,Romania,Europe & Central Asia,Upper middle income,New Romanian leu,Republic,Executive,Presidency independent of legislature, ministry subject to parliamentary confidence
Russia,17098242,6601668,16377742,6323482,720500,278200,4.21,18.5% - 78%,10% - 14%,1.1% - 1.45%,0.45%[478][479],"Jews 0.5%, Shamanist 1%, Baha'is, new religions 0.5%.",16% - 48%,142914136,,,,,,Republic,Executive,Presidency independent of legislature, ministry subject to parliamentary confidence
Rwanda,26338,10169,24668,9524,1670,640,6.34,93.6%,4.6%,0%,0%,Animist 0.1%,1.7%,10412826,RWA,Republic of Rwanda,Sub-Saharan Africa,Low income,Rwandan franc,Republic,Executive,Presidency is independent of legislature,
Saint Barthelemy,21,8.1,NA,NA,NA,NA,NA,,,,,,,,,,,,,,,,
"Saint Helena, Ascension and Tristan da Cunha",308,119,308,119,0,0,0,,,,,,,,,,,,,,,,
Saint Kitts and Nevis,261,101,261,101,0,0,0,98%,n/a,n/a,n/a,1%,1%,51970,,,,,,Constitutional monarchy,Ceremonial,Ministry is subject to parliamentary confidence,
Saint Lucia,616,238,606,234,10,3.9,1.62,90.8%,0.1%,n/a,0.2%,2.9%,6%,166526,,,,,,Constitutional monarchy,Ceremonial,Ministry is subject to parliamentary confidence,
Saint Martin,54.4,21,54.4,21,Negligible,Negligible,0,,,,,,,,,,,,,,,,
Saint Pierre and Miquelon,242,93,242,93,0,0,0,,,,,,,,,,,,,,,,
Saint Vincent and the Grenadines,389,150,389,150,0,0,0,88.9%,1.5%,n/a,3.3%,0.3%,6%,100892,,,,,,Constitutional monarchy,Ceremonial,Ministry is subject to parliamentary confidence,
Samoa,2831,1093,2821,1089,10,3.9,0.35,98%,0.1%,0.1%,0.1%,1.6%,0.1%,184032,WSM,Samoa,East Asia & Pacific,Lower middle income,Samoan tala,Republic,Ceremonial,Ministry is subject to parliamentary confidence,
San Marino,61,24,61,24,0,0,0,99%,0.1%,%,%,0.4%,0.5%,32093,SMR,Republic of San Marino,Europe & Central Asia,High income: nonOECD,Euro,Republic,Ceremonial,Ministry is subject to parliamentary confidence,
Saudi Arabia,2149690,830000,2149690,830000,0,0,0,4.5% (est.)[498][499],97% (overall) [500],1.5% (est.)[501][502],4.5% (est.)[503][504],"unknown (Sikhs, Baha'is, Jews).",n/a,27136977,SAU,Kingdom of Saudi Arabia,Middle East & North Africa,High income: nonOECD,Saudi Arabian riyal,Absolute monarchy,Executive,All authority vested in absolute monarch,
Senegal,196722,75955,192530,74340,4192,1619,2.13,4% - 5%,94% - 95%,0.01%,n/a,1% -2%,n/a,12855153,SEN,Republic of Senegal,Sub-Saharan Africa,Lower middle income,CFA franc,Republic,Executive,Presidency independent of legislature, ministry subject to parliamentary confidence
Serbia,77474,29913,77474,29913,0,0,0,83% - 91.6%,3.2% - 5%,0.01% [511],n/a,0.09%,5%,7276195,SRB,Republic of Serbia,Europe & Central Asia,Upper middle income,Serbian dinar,Republic,Ceremonial,Ministry is subject to parliamentary confidence,
Seychelles,455,176,455,176,0,0,0,93.2%,1.1%,1%,2.1%,0.5%,2.1%,90945,SYC,Republic of Seychelles,Sub-Saharan Africa,Upper middle income,Seychelles rupee,Republic,Executive,Presidency is independent of legislature,
Sierra Leone,71740,27700,71620,27650,120,46,0.17,20% - 30%,60%,n/a,0.1%,5% - 10%,n/a,5997000,SLE,Republic of Sierra Leone,Sub-Saharan Africa,Low income,Sierra Leonean leone,Republic,Executive,Presidency is independent of legislature,
Singapore,697,269,687,265,10,3.9,1.43,14.6%,14.9%,60%,4%,1%,13%,5183700,SGP,Republic of Singapore,East Asia & Pacific,High income: nonOECD,Singapore dollar,Republic,Ceremonial,Ministry is subject to parliamentary confidence,
Sint Maarten,34,13,34,13,0,0,0,,,,,,,,,,,,,,,,
Slovakia,49035,18933,48105,18573,930,360,1.9,56% - 83.8%,0.1%,0.1%,0.1%,0.1%,15.8%,5437126,,,,,,Republic,Ceremonial,Ministry is subject to parliamentary confidence,
Slovenia,20273,7827,20151,7780,122,47,0.6,50% - 65%,2.4%,0.06%,0.01%,0.03%,25% - 35%,2054960,SVN,Republic of Slovenia,Europe & Central Asia,High income: OECD,Euro,Republic,Ceremonial,Ministry is subject to parliamentary confidence,
Solomon Islands,28896,11157,27986,10805,910,350,3.15,97.1%,0.07%,0.03%,n/a,2.3%,0.5%,542287,SLB,Solomon Islands,East Asia & Pacific,Lower middle income,Solomon Islands dollar,Constitutional monarchy,Ceremonial,Ministry is subject to parliamentary confidence,
Somalia,637657,246201,627337,242216,10320,3980,1.62,0.1%,99.9%,0%,0%,0%,0%,,SOM,Somali Democratic Republic,Sub-Saharan Africa,Low income,Somali shilling,Republic,Executive,Presidency independent of legislature, ministry subject to parliamentary confidence Stateless society
South Africa,1219090,470690,1214470,468910,4620,1780,0.38,79.7%,1.5%,0.1%,1.2%,3%,1%[529][530],50586757,ZAF,Republic of South Africa,Sub-Saharan Africa,Upper middle income,South African rand,Republic,Executive,Presidency and ministry are subject to parliamentary confidence,
South Georgia and the South Sandwich Islands,3903,1507,3903,1507,0,0,0,,,,,,,,,,,,,,,,
South Korea,99720,38500,96920,37420,2800,1100,2.81,26.3%,0.07%,22.8%[323]-40%,0.005%,"0.7% (Korean Shamanism, Chondogyo, Confucianism, Judaism, etc...)",52%[324],48219000,,,,,,Republic,Executive,Presidency is independent of legislature,
South Sudan,644329,248777,NA,NA,NA,NA,NA[9],,,,,,,8260490,SSD,Republic of South Sudan,Sub-Saharan Africa,,South Sudanese Pound,Republic,Executive,Presidency is independent of legislature,
Spain,505370,195120,498980,192660,6390,2470,1.26,60% - 76%,2.3%[533],0.025%,0.025%,5%,19-41%[224],46162024,ESP,Kingdom of Spain,Europe & Central Asia,High income: OECD,Euro,Constitutional monarchy,Ceremonial,Ministry is subject to parliamentary confidence,
Spratly Islands,<5,<2,<5,<2,0,0,0,,,,,,,,,,,,,,,,
Sri Lanka,65610,25330,64630,24950,980,380,1.49,8%,7%,70%,15%,n/a,n/a,20653000,LKA,Democratic Socialist Republic of Sri Lanka,South Asia,Lower middle income,Sri Lankan rupee,Republic,Executive,Presidency independent of legislature, ministry subject to parliamentary confidence
Sudan,1861484,718723,NA,NA,NA,NA,NA[9],5%,70%,0%,0%,25%,n/a,30894000,SDN,Republic of the Sudan,Sub-Saharan Africa,Lower middle income,Sudanese pound,Republic,Executive,Presidency is independent of legislature,
Suriname,163820,63250,156000,60000,7820,3020,4.77,40% - 48%,13.5% - 19.6%,1% - 1.5% (Chinese),20% - 27.4%,3.3% - 5%,4.4%,529000,SUR,Republic of Suriname,Latin America & Caribbean,Upper middle income,Suriname dollar,Republic,Executive,Presidency is independent of legislature,
Svalbard,62045,23956,62045,23956,0,0,0,,,,,,,,,,,,,,,,
Swaziland,17364,6704,17204,6643,160,62,0.92,85% - 95%,1% - 10%,0%,0.2%,2.8%,1%,1203000,SWZ,Kingdom of Swaziland,Sub-Saharan Africa,Lower middle income,Swaziland lilangeni,Absolute monarchy,Executive,All authority vested in absolute monarch,
Sweden,450295,173860,410335,158431,39960,15430,8.87,60% - 70%,3%[545],0.2%,0.08% - 0.12%,0.3%,30 - 33%,9471174,SWE,Kingdom of Sweden,Europe & Central Asia,High income: OECD,Swedish krona,Constitutional monarchy,Ceremonial,Ministry is subject to parliamentary confidence,
Switzerland,41277,15937,39997,15443,1280,490,3.1,43% - 79.3%,4.3%,0.29%,0.38%,0.33%,"15.4% (unspecified 4.3%, Atheist 11.1%)",7870100,CHE,Switzerland,Europe & Central Asia,High income: OECD,Swiss franc,Republic,Executive,Presidency is independent of legislature,
Syria,185180,71500,183630,70900,1550,600,0.84,10%,90%,0%,0%,Jews & Yazidis,n/a,21312000,,,,,,Republic,Executive,Power constitutionally linked to a single political movement,
Sao Tome and Principe,964,372,964,372,0,0,0,77.5% - 95%,3%,0%,0%,0.1%,2% - 19.4%,169000,,,,,,Republic,Executive,Presidency independent of legislature, ministry subject to parliamentary confidence
Tajikistan,143100,55300,141510,54640,2590,1000,1.81,2.5%,90% - 97%,0.1%,unknown,0.3%,0.1%,7616000,TJK,Republic of Tajikistan,Europe & Central Asia,Low income,Tajik somoni,Republic,Executive,Presidency independent of legislature, ministry subject to parliamentary confidence
Tanzania,947300,365800,885800,342000,61500,23700,6.49,30% - 40%,30% - 40%,0.1%,0.9%,18.5% - 38.5% ,0.5%,43188000,TZA,United Republic of Tanzania,Sub-Saharan Africa,Low income,Tanzanian shilling,Republic,Executive,Presidency is independent of legislature,
Thailand,513120,198120,510890,197260,2230,860,0.43,0.7%,4%,95%,0.0045%,0.1%,n/a,69519000,THA,Kingdom of Thailand,East Asia & Pacific,Upper middle income,Thai baht,Constitutional monarchy,Ceremonial,Ministry is subject to parliamentary confidence,
The Bahamas,13880,5360,10010,3860,3870,1490,27.88,,,,,,,,,,,,,Constitutional monarchy,Ceremonial,Ministry is subject to parliamentary confidence,
The Gambia,11295,4361,10000,3900,1295,500,11.47,,,,,,,,,,,,,Republic,Executive,Presidency is independent of legislature,
Togo,56785,21925,54385,20998,2400,930,4.23,29% - 47.1%,13.7% - 20%,0%,0%,33% - 51%,5% - 6.1%,5753324,TGO,Republic of Togo,Sub-Saharan Africa,Low income,CFA franc,Republic,Executive,Presidency is independent of legislature,
Tokelau,12,4.6,12,4.6,0,0,0,95%,0%,0%,0%,5%,n/a,,,,,,,,,,
Tonga,747,288,717,277,30,12,4.02,83%,,,,14%,,105000,TON,Kingdom of Tonga,East Asia & Pacific,Lower middle income,Tongan pa'anga,Constitutional monarchy,Executive,Monarch personally exercises power in concert with other institutions,
Trinidad and Tobago,5128,1980,5128,1980,0,0,0,57.6%,5.8%,0.7%,22.5%,10.1%,3.3% (Atheists 1.9%),1317714,TTO,Republic of Trinidad and Tobago,Latin America & Caribbean,High income: nonOECD,Trinidad and Tobago dollar,Republic,Ceremonial,Ministry is subject to parliamentary confidence,
Tunisia,163610,63170,155360,59980,8250,3190,5.04,1%,98%,n/a,n/a,1%,n/a,10673800,TUN,Republic of Tunisia,Middle East & North Africa,Upper middle income,Tunisian dinar,Republic,Executive,Presidency is independent of legislature,
Turkey,783562,302535,769632,297157,13930,5380,1.78,0.16%,99% - 99.8%,n/a,n/a,"0.06% (0.04% Jews, 0.02% Baha'is)",n/a,73722988,TUR,Republic of Turkey,Europe & Central Asia,Upper middle income,New Turkish lira,Republic,Ceremonial,Ministry is subject to parliamentary confidence,
Turkmenistan,488100,188500,469930,181440,18170,7020,3.72,9% (Eastern Orthodox),89%,%,%,0.3%,1.7%,5105000,TKM,Turkmenistan,Europe & Central Asia,Lower middle income,New Turkmen manat,Republic,Executive,Power constitutionally linked to a single political movement,
Turks and Caicos Islands,430,170,430,170,0,0,0,86%,0.5%,1.5%,2%,4%,6%,,TCA,Turks and Caicos Islands,Latin America & Caribbean,High income: nonOECD,U.S. dollar,,,,
Tuvalu,26,10,26,10,0,0,0,97%,n/a,n/a,n/a,3%,n/a,10000,TUV,Tuvalu,East Asia & Pacific,Lower middle income,Australian dollar,Constitutional monarchy,Ceremonial,Ministry is subject to parliamentary confidence,
Uganda,241038,93065,197100,76100,43938,16965,18.23,83.9% - 85%,12.1%,n/a,0.8%[588],1.2% - 2.3%,0.9%,32939800,UGA,Republic of Uganda,Sub-Saharan Africa,Low income,Ugandan shilling,Republic,Executive,Presidency is independent of legislature,
Ukraine,603550,233030,579330,223680,24220,9350,4.01,35% - 96.1%,0.5%,0.1%,0.1%,2.5% (Jews 0.6%),unknown,45668028,UKR,Ukraine,Europe & Central Asia,Lower middle income,Ukrainian hryvnia,Republic,Executive,Presidency is independent of legislature,
United Arab Emirates,83600,32300,83600,32300,0,0,0,8.5%,61.75%,4.25%,21.25%,4.25%,n/a,8264070,ARE,United Arab Emirates,Middle East & North Africa,High income: nonOECD,U.A.E. dirham,Constitutional monarchy,Executive,Monarch personally exercises power in concert with other institutions,
United Kingdom,243610,94060,241930,93410,1680,650,0.69,71.6%,2.7%,1.2% [596],1%,8%,15.5-52%[224],62300000,GBR,United Kingdom of Great Britain and Northern Ireland,Europe & Central Asia,High income: OECD,Pound sterling,Constitutional monarchy,Ceremonial,Ministry is subject to parliamentary confidence,
United States,9826675,3794100,9161966,3537455,664709,256646,6.76,78%,1%,2% [600],,,,312609000,USA,United States of America,North America,High income: OECD,U.S. dollar,Republic,Executive,Presidency is independent of legislature,
United States Pacific Island Wildlife Refuges,6959.41,2687.04,22.41,8.65,6937,2678,99.68,,,,,,,,,,,,,,,,
United States Virgin Islands,1910,740,346,134,1564,604,81.88,,,,,,,106405,,,,,,,,,
Uruguay,176215,68037,175015,67574,1200,460,0.68,70% - 83%,0.01%,0.1%,0.01%,0.88%,17%,3368595,URY,Oriental Republic of Uruguay,Latin America & Caribbean,Upper middle income,Uruguayan peso,Republic,Executive,Presidency is independent of legislature,
Uzbekistan,447400,172700,425400,164200,22000,8500,4.92,7% - 11%,80% - 88%,0.2%,0.01%,0.09%,0.7% - 1.7%,28000000,UZB,Republic of Uzbekistan,Europe & Central Asia,Lower middle income,Uzbek sum,Republic,Executive,Presidency is independent of legislature,
Vanuatu,12189,4706,12189,4706,0,0,0,83%,0.1%,0.1%,0.1%,14.4%,2.3%,234023,VUT,Republic of Vanuatu,East Asia & Pacific,Lower middle income,Vanuatu vatu,Republic,Ceremonial,Ministry is subject to parliamentary confidence,
Vatican City,0.44,0.17,0.44,0.17,0,0,0,100%,0%,0%,0%,0%,0%,800,,,,,,Absolute monarchy,Executive,All authority vested in absolute monarch,
Venezuela,912050,352140,882050,340560,30000,12000,3.29,98%,0.4%,0.2%,n/a,0.9%,0.5%,29443000,,,,,,Republic,Executive,Presidency is independent of legislature,
Vietnam,331210,127880,310070,119720,21140,8160,6.38,8%,0.08%,85%,,,,85846997,VNM,Socialist Republic of Vietnam,East Asia & Pacific,Lower middle income,Vietnamese dong,Republic,Executive,Power constitutionally linked to a single political movement,
Wake Island,6.5,2.5,6.5,2.5,0,0,0,,,,,,,,,,,,,,,,
Wallis and Futuna,142,55,142,55,0,0,0,99%,0%,0%,0%,n/a,1%,,,,,,,,,,
West Bank,5860,2260,5640,2180,220,85,3.75,,,,,,,,,,,,,,,,
Western Sahara,266000,103000,266000,103000,0,0,0,0.1%,99.9%,0%,0%,0%,0%,548000,,,,,,,,,
Yemen,527968,203850,527968,203850,0,0,0,0.2%,99%,0%,0.7%,0.01%,0.019%,23833000,,,,,,Republic,Executive,Presidency is independent of legislature,
Zambia,752618,290587,743398,287028,9220,3560,1.23,87%,0.7%,0%,0.3%,7%,5%,13046508,ZMB,Republic of Zambia,Sub-Saharan Africa,Lower middle income,Zambian kwacha,Republic,Executive,Presidency is independent of legislature,
Zimbabwe,390757,150872,386847,149362,3910,1510,1,70% - 80%,1%,0.1%,0.1%,17.7% - 27.7%,1.1%,12754000,ZWE,Republic of Zimbabwe,Sub-Saharan Africa,Low income,U.S. dollar,Republic,Executive,Presidency independent of legislature, ministry subject to parliamentary confidence
